"","directors","score_coef"
"1","Martin Scorsese",0.267463650272085
"2","Christopher Nolan",0.267373677921615
"3","Quentin Tarantino",0.267371454164369
"4","Paul Greengrass",0.267281092297561
"5","Wes Anderson",0.267278887532211
"6","J.J. Abrams",0.267191441121922
"7","Alexander Payne",0.267187428038448
"8","Jeff Nichols",0.267186595548722
"9","Joss Whedon",0.267101310225541
"10","Shane Black",0.267101025019224
"11","Pete Docter",0.267100504702603
"12","Dean DeBlois",0.267100238668735
"13","Duncan Jones",0.267100098904477
"14","Alejandro G. Irritu",0.267099641255685
"15","David Cronenberg",0.267097383415997
"16","Ben Affleck",0.267097245038634
"17","Mel Gibson",0.267097081964465
"18","Paul Thomas Anderson",0.267096965010285
"19","Ryan Coogler",0.267096959139862
"20","Tony Kaye",0.267096819220509
"21","Paul Haggis",0.267096633013844
"22","Niki Caro",0.267096620006166
"23","Terry Zwigoff",0.267096196760221
"24","Derek Cianfrance",0.267096079491805
"25","Todd Field",0.267096024184733
"26","Noah Baumbach",0.267095849696076
"27","Stacy Peralta",0.267095529990514
"28","James Cameron",0.26701077368644
"29","Nathan Greno",0.267010675086402
"30","Lee Unkrich",0.267010247279592
"31","Mark Andrews",0.267010006906676
"32","Don Hall",0.267009609134607
"33","Rich Moore",0.267009603271267
"34","Matthew Vaughn",0.267009538941715
"35","Chris Buck",0.267009336841102
"36","Jennifer Yuh Nelson",0.267009217564355
"37","Peter Ramsey",0.26700911089045
"38","Edward Zwick",0.267009099729327
"39","Peter Weir",0.267009038570744
"40","Tony Scott",0.267008559216467
"41","Frank Oz",0.26700839127363
"42","Jean-Jacques Annaud",0.267008132788841
"43","Edgar Wright",0.267008099640304
"44","Sam Mendes",0.267008001589061
"45","Pierre Coffin",0.267007887464253
"46","Mike Nichols",0.267007855997143
"47","Henry Selick",0.267007745374872
"48","David Silverman",0.267007706199215
"49","Tom Hooper",0.267007490772507
"50","Tim Miller",0.267007134233804
"51","Baz Luhrmann",0.267007020194358
"52","George Nolfi",0.267006912960666
"53","Alan Parker",0.267006760902154
"54","Denis Villeneuve",0.267006657507743
"55","Sean Penn",0.267006621590102
"56","Frank Marshall",0.267006472870932
"57","Mimi Leder",0.267006387374368
"58","Stephen Daldry",0.267006384367137
"59","Lee Daniels",0.267006327831476
"60","Ted Demme",0.267006058498437
"61","Shane Acker",0.267006023892005
"62","Stephen J. Anderson",0.267006018606001
"63","Greg Tiernan",0.267005938113056
"64","Kevin Costner",0.267005875261786
"65","Kirsten Sheridan",0.267005804424966
"66","Bill Paxton",0.267005780463582
"67","Richard Kelly",0.267005778080648
"68","Spike Jonze",0.267005745088834
"69","Steve McQueen",0.267005693945183
"70","Tom McCarthy",0.267005677954329
"71","John Patrick Shanley",0.267005671146468
"72","Trey Parker",0.267005668882872
"73","Charlie Kaufman",0.267005591527444
"74","Brian Percival",0.26700556582031
"75","James Schamus",0.267005557341457
"76","Irwin Winkler",0.267005530120497
"77","Jason Moore",0.267005517724725
"78","Peter Kosminsky",0.267005495272681
"79","Denzel Washington",0.2670054632176
"80","Nicolas Winding Refn",0.267005461236262
"81","Theodore Melfi",0.267005365446257
"82","Stephen Chbosky",0.267005343344191
"83","Josh Boone",0.267005325169089
"84","Peter Care",0.26700530186242
"85","Carroll Ballard",0.267005296537603
"86","Takeshi Kitano",0.267005294767079
"87","Joel Edgerton",0.267005234206477
"88","Dan Fogelman",0.267005219052034
"89","Dan Harris",0.267005190882235
"90","Dan Gilroy",0.267005156842961
"91","Doug Atchison",0.267005148848058
"92","Mary Harron",0.267005145661283
"93","Duke Johnson",0.267005134563035
"94","John Carney",0.26700513298433
"95","Bruce Beresford",0.267005121983756
"96","Aaron Schneider",0.267005111069852
"97","Tom Ford",0.267005109517633
"98","Spencer Susser",0.267005097164918
"99","Patty Jenkins",0.267005035513085
"100","Nat Faxon",0.267005029623928
"101","Richard Glatzer",0.267005026686892
"102","Jeremy Saulnier",0.267005004815438
"103","Errol Morris",0.26700500047239
"104","Nicholas Fackler",0.267004999027262
"105","William H. Macy",0.267004991821157
"106","Mike Mayhall",0.267004988947746
"107","Lisa Cholodenko",0.267004973237096
"108","Alan Jacobs",0.267004952045043
"109","Jay Oliva",0.267004942238817
"110","Alejandro Monteverde",0.267004931095587
"111","Max Mayer",0.267004928320388
"112","Jill Sprecher",0.267004917263153
"113","Alice Wu",0.267004881759805
"114","James Ponsoldt",0.267004880405685
"115","Joshua Tickell",0.26700487905265
"116","Reed Cowan",0.267004874999924
"117","Robert Fontaine",0.267004858881179
"118","Debra Granik",0.26700485220412
"119","Miranda July",0.26700485087154
"120","Bob Giraldi",0.267004844223342
"121","Benh Zeitlin",0.267004825729864
"122","Maggie Greenwald",0.267004824414994
"123","Adrienne Shelly",0.267004813925289
"124","Henry Bean",0.2670048100045
"125","Jaime Zevallos",0.267004800883636
"126","Robert Greenwald",0.2670047995838
"127","Frank Lotito",0.267004796986793
"128","Ham Tran",0.267004791803779
"129","Tom Sanchez",0.267004782768285
"130","Duncan Tucker",0.267004771211699
"131","Ben Lewin",0.26700476993162
"132","Courtney Hunt",0.267004764819873
"133","Morgan Neville",0.267004763544237
"134","Don Coscarelli",0.26700476099598
"135","Richard Dutcher",0.267004759723532
"136","Goran Dukic",0.26700475718211
"137","Alex Gibney",0.267004752114946
"138","Sanjay Rawal",0.267004719621496
"139","Brian Dorton",0.267004717148539
"140","Tommy Oliver",0.267004710983974
"141","Daniel Davila",0.267004704845883
"142","David LaChapelle",0.26700469751514
"143","William Gazecki",0.267004689009174
"144","Lance McDaniel",0.267004687798111
"145","Marilyn Agrelo",0.267004682964642
"146","Brian Baugh",0.267004681759132
"147","Jacob Aaron Estes",0.267004675749421
"148","Marius A. Markevicius",0.267004668575871
"149","Justin Paul Miller",0.267004659073321
"150","Joe Kenemore",0.267004650813809
"151","Jonathan Caouette",0.267004647289279
"152","Henry Alex Rubin",0.26700464377435
"153","Lauren Lazin",0.26700464026939
"154","Sam Martin",0.267004620583718
"155","Maurizio Benazzo",0.267004614842206
"156","Justin Dillon",0.267004610263947
"157","Ricki Stern",0.267004605699269
"158","Nadia Tass",0.267004604560385
"159","Cary Bell",0.267004601149556
"160","Michel Orion Scott",0.26700459888079
"161","Eric Bugbee",0.267004597748139
"162","Sai Varadan",0.267004595486414
"163","Jason Miller",0.267004584247657
"164","Andrew Leman",0.267004575333882
"165","Dave Carroll",0.267004574224324
"166","Anthony Vallone",0.267004559892492
"167","Tom McGrath",0.253527191146895
"168","David Fincher",0.210431172030306
"169","Richard Linklater",0.198953237541273
"170","Steven Spielberg",0.182039303834198
"171","Peter Jackson",0.181792379747047
"172","Darren Aronofsky",0.181790831190568
"173","Bryan Singer",0.153399999155577
"174","Marc Forster",0.153399506664159
"175","Anthony Russo",0.153243545228719
"176","Brad Bird",0.153242732403257
"177","Michel Gondry",0.153241780292603
"178","Randall Wallace",0.153240762011459
"179","Gabriele Muccino",0.153240175954857
"180","George Tillman Jr.",0.153239274419698
"181","Gavin O'Connor",0.153239081278457
"182","Michael Moore",0.153238727955058
"183","Christopher Guest",0.153238419900182
"184","Antoine Fuqua",0.120848451206824
"185","Ridley Scott",0.0964332343270553
"186","James Mangold",0.0963659357394082
"187","Gore Verbinski",0.0963024528735565
"188","James Wan",0.0963018423350894
"189","Adam McKay",0.096300224666102
"190","George Clooney",0.0962993295102427
"191","David O. Russell",0.0962989289667778
"192","Gus Van Sant",0.0962982859719639
"193","Jeff Tremaine",0.0962974064162764
"194","Andrew Stanton",0.0962370222588444
"195","Andrew Adamson",0.096236898589181
"196","Joseph Kosinski",0.0962366006668427
"197","John Lasseter",0.0962365882608432
"198","Matt Reeves",0.0962359662174444
"199","James Bobin",0.0962357908962623
"200","Alan Taylor",0.0962357561680948
"201","Alex Proyas",0.096235404353619
"202","Peyton Reed",0.0962352715568221
"203","Tony Gilroy",0.0962351823265671
"204","Kirk De Micco",0.0962350639277955
"205","Len Wiseman",0.096234926763565
"206","Michael Mann",0.0962349007306647
"207","Mark Dindal",0.0962348028723173
"208","Chris Wedge",0.0962347571544916
"209","Steve Martino",0.0962347168393466
"210","Rupert Wyatt",0.0962346669098759
"211","John Lee Hancock",0.096234622406306
"212","Phil Lord",0.0962346125672595
"213","Kevin Lima",0.0962344912119268
"214","Andrew Davis",0.0962344387379335
"215","Sylvester Stallone",0.0962343727866257
"216","Frank Darabont",0.0962340128412777
"217","Glenn Ficarra",0.096233728608658
"218","David Dobkin",0.0962332492067552
"219","Gary Fleder",0.0962331442969927
"220","Danny Boyle",0.0962331065175285
"221","John Stockwell",0.09623304551774
"222","Rob Reiner",0.0962329757422235
"223","Julie Taymor",0.0962329462864676
"224","Nick Cassavetes",0.0962327784714534
"225","Brad Furman",0.0962327599893327
"226","Peter Hedges",0.096232735525969
"227","Boaz Yakin",0.0962324520326641
"228","Jason Reitman",0.0962323974720664
"229","Rian Johnson",0.0962323786095856
"230","Lee Toland Krieger",0.0962323652136433
"231","Tate Taylor",0.0962323254262245
"232","Kurt Wimmer",0.0962322966284465
"233","Michael Radford",0.096232263047008
"234","Charles Herman-Wurmfeld",0.0962321652679945
"235","Joe Carnahan",0.0962321408586718
"236","John Wells",0.096232111867314
"237","John Hillcoat",0.0962320832206541
"238","Werner Herzog",0.0962320713904949
"239","Mira Nair",0.0962320526728148
"240","Jessie Nelson",0.0962320479837745
"241","Billy Ray",0.0962319234907299
"242","Todd Haynes",0.0962319104402987
"243","Sean McNamara",0.0962318592845589
"244","Gina Prince-Bythewood",0.0962317718235097
"245","Kenneth Lonergan",0.096231685537127
"246","Jake Schreier",0.0962316360539342
"247","Darren Lynn Bousman",0.0962315847013866
"248","Shari Springer Berman",0.0962314085117324
"249","Zach Braff",0.0962313872022468
"250","Michael Cuesta",0.0962313235570553
"251","Mike Mills",0.096231277688315
"252","Charles Ferguson",0.0962312538110886
"253","Michael Landon Jr.",0.0962312274897499
"254","Mike Cahill",0.0962310689478135
"255","Richard Schenkman",0.0962310351495818
"256","C. Jay Cox",0.0962310265020457
"257","Douglas McGrath",0.0827457606888084
"258","Clint Eastwood",0.0774328450676033
"259","Ron Howard",0.0719485516996304
"260","Steven Soderbergh",0.0622311436055687
"261","Zack Snyder",0.0621273567594777
"262","Peter Berg",0.062127120849452
"263","David Ayer",0.0621264506110007
"264","Doug Liman",0.0621264033246834
"265","Robert Schwentke",0.0621256109295779
"266","Ethan Coen",0.062123011745904
"267","McG",0.0394649406989122
"268","Michael Bay",0.0393352517324657
"269","Marc Webb",0.0392954185872603
"270","Chris Weitz",0.0392953254323258
"271","Justin Lin",0.0392948681751975
"272","Lana Wachowski",0.0392947545276465
"273","Jon Favreau",0.0392947128218403
"274","Francis Lawrence",0.0392944003858805
"275","Wolfgang Petersen",0.0392943654891862
"276","Michael Apted",0.039294301818685
"277","Ang Lee",0.0392939504989279
"278","David Twohy",0.0392936802515904
"279","Neil Burger",0.0392930155275382
"280","F. Gary Gray",0.039292720353276
"281","Gregory Hoblit",0.039292468378983
"282","David Slade",0.0392924222175507
"283","Angelina Jolie Pitt",0.0392923559774479
"284","Will Gluck",0.0392922989747581
"285","Frank Miller",0.0392922547705107
"286","David Frankel",0.0392922071599004
"287","Scott Cooper",0.0392918829320404
"288","Curtis Hanson",0.0392918541307865
"289","Jim Sheridan",0.0392915841443792
"290","Brian Helgeland",0.0392913934175833
"291","Nicholas Stoller",0.0392913311779422
"292","Mike Binder",0.0392905071511347
"293","Rick Famuyiwa",0.0392902583584093
"294","Nicole Holofcener",0.0392900136710507
"295","John Cameron Mitchell",0.0392899441693939
"296","Sam Raimi",0.0108121732313302
"297","Robert Zemeckis",0.0108113844292628
"298","Bill Condon",0.0108105067102816
"299","Nancy Meyers",0.0108096412378859
"300","Todd Phillips",0.0108095279846166
"301","Craig Gillespie",0.0108090043028281
"302","Taylor Hackford",0.0108088779209174
"303","Kenny Ortega",0.0108087518853112
"304","Jay Chandrasekhar",0.0108084294288314
"305","Andrew Niccol",0.0108082658824927
"306","Dan Scanlon",0
"307","Robert Stromberg",0
"308","Carl Rinsch",0
"309","James Gunn",0
"310","Steve Hickner",0
"311","Alessandro Carloni",0
"312","Mark Osborne",0
"313","Eric Leighton",0
"314","Guy Ritchie",0
"315","Jos?? Padilha",0
"316","George Lucas",0
"317","Cedric Nicolas-Troyan",0
"318","Josh Trank",0
"319","Ron Clements",0
"320","Florian Henckel von Donnersmarck",0
"321","Lawrence Guterman",0
"322","Michael Patrick King",0
"323","Bibo Bergeron",0
"324","Roger Allers",0
"325","Anthony Minghella",0
"326","Albert Hughes",0
"327","Kelly Asbury",0
"328","Terry Gilliam",0
"329","Barry Cook",0
"330","Roger Christian",0
"331","Oliver Hirschbiegel",0
"332","Alfonso Cuar??n",0
"333","Florent-Emilio Siri",0
"334","Don Bluth",0
"335","Gary Shore",0
"336","M??ns M??rlind",0
"337","Mikael H??fstr??m",0
"338","Baltasar Korm??kur",0
"339","Kevin Macdonald",0
"340","Patrick Gilmore",0
"341","Walter Hill",0
"342","Tom Dey",0
"343","Kent Alterman",0
"344","Karey Kirkpatrick",0
"345","Kathryn Bigelow",0
"346","Paul Hunter",0
"347","Bennett Miller",0
"348","Matthew O'Callaghan",0
"349","Jorge R. Guti??rrez",0
"350","Barbet Schroeder",0
"351","Tom Tykwer",0
"352","George Armitage",0
"353","Roger Michell",0
"354","Garth Jennings",0
"355","John A. Davis",0
"356","Nora Ephron",0
"357","Nimr??d Antal",0
"358","Christian Duguay",0
"359","Pat O'Connor",0
"360","Dennie Gordon",0
"361","Marc F. Adler",0
"362","Charles S. Dutton",0
"363","J Blakeson",0
"364","Alan Poul",0
"365","Michael Rymer",0
"366","Lasse Hallstr??m",0
"367","Chris Gorak",0
"368","Scott Speer",0
"369","James Gartner",0
"370","Tim McCanlies",0
"371","Tom Hanks",0
"372","Liz Friedlander",0
"373","Jean-Fran??ois Richet",0
"374","Bruce Hunt",0
"375","Peter Howitt",0
"376","John Maybury",0
"377","Menno Meyjes",0
"378","Michael Hoffman",0
"379","Gabor Csupo",0
"380","Cathy Malkasian",0
"381","John Eng",0
"382","Victor Salva",0
"383","Dwight H. Little",0
"384","Carter Smith",0
"385","Bruce McCulloch",0
"386","Jonathan Lynn",0
"387","Kevin Spacey",0
"388","Tony Goldwyn",0
"389","Michael Dinner",0
"390","Mike Bigelow",0
"391","John Curran",0
"392","Joshua Michael Stern",0
"393","Jun Falkenstein",0
"394","Neil LaBute",0
"395","Anton Corbijn",0
"396","Kevin Reynolds",0
"397","Todd Strauss-Schulson",0
"398","Jim Field Smith",0
"399","Paul Abascal",0
"400","Mark Mylod",0
"401","Benson Lee",0
"402","Marc Abraham",0
"403","Richard Benjamin",0
"404","Andrew Jarecki",0
"405","Andrew Douglas",0
"406","Ricky Gervais",0
"407","Thomas Bezucha",0
"408","Nicholas Hytner",0
"409","John Boorman",0
"410","Courtney Solomon",0
"411","Zack Ward",0
"412","Kasi Lemmons",0
"413","Alejandro Amen??bar",0
"414","Erik White",0
"415","Rowdy Herrington",0
"416","Cyrus Nowrasteh",0
"417","Perry Andelin Blake",0
"418","Allen Coulter",0
"419","Bruce Paltrow",0
"420","Susanne Bier",0
"421","Jessy Terrero",0
"422","William Bindley",0
"423","Jean-Marc Vall??e",0
"424","Dennis Iliadis",0
"425","Rick Rosenthal",0
"426","Catherine Owens",0
"427","Mark Piznarski",0
"428","Craig Brewer",0
"429","Wil Shriner",0
"430","Ry??hei Kitamura",0
"431","Dito Montiel",0
"432","James Isaac",0
"433","Emilio Estevez",0
"434","Josh Schwartz",0
"435","Stephen Carpenter",0
"436","Eric Bress",0
"437","Brad Anderson",0
"438","Ethan Maniquis",0
"439","Mike McCoy",0
"440","Nima Nourizadeh",0
"441","David Moreau",0
"442","Timothy Hines",0
"443","R.J. Cutler",0
"444","Rob Pritts",0
"445","Tim Blake Nelson",0
"446","Jon Kasdan",0
"447","Christopher Cain",0
"448","David Lowery",0
"449","Ciar??n Foy",0
"450","Rob Schmidt",0
"451","Neal Brennan",0
"452","Timothy Bj??rklund",0
"453","Joshua Seftel",0
"454","Michael Meredith",0
"455","Julio DePietro",0
"456","Katherine Dieckmann",0
"457","Michael Clancy",0
"458","Jim Issa",0
"459","Tamara Jenkins",0
"460","Linda Mendoza",0
"461","Ari Sandel",0
"462","Jonathan Dayton",0
"463","Justin Tipping",0
"464","Anna Boden",0
"465","Marc Sch??lermann",0
"466","Charles Robert Carner",0
"467","Siddharth Anand",0
"468","Joe Dante",0
"469","Don Kempf",0
"470","Don Michael Paul",0
"471","Tim Chambers",0
"472","Rodrigo Garc??a",0
"473","Francis Ford Coppola",0
"474","Robert C. Cooper",0
"475","Oren Moverman",0
"476","Brian Klugman",0
"477","Raymond De Felitta",0
"478","Jon Knautz",0
"479","Rick Bieber",0
"480","Joey Lauren Adams",0
"481","Greg Marcks",0
"482","Darren Grant",0
"483","George Ratliff",0
"484","Dan Trachtenberg",0
"485","Gonzalo L??pez-Gallego",0
"486","Christine Jeffs",0
"487","Bill Duke",0
"488","J.S. Cardone",0
"489","Marc Bennett",0
"490","Jonas ??kerlund",0
"491","Ernie Barbarash",0
"492","William Arntz",0
"493","Ron Fricke",0
"494","Mora Stephens",0
"495","Gideon Raff",0
"496","Louis C.K.",0
"497","Adam Rapp",0
"498","Mark Young",0
"499","Damien Chazelle",0
"500","Benny Boom",0
"501","Whit Stillman",0
"502","Tim Heidecker",0
"503","Deon Taylor",0
"504","Chris D'Arienzo",0
"505","Heidi Ewing",0
"506","Dinesh D'Souza",0
"507","Leslie Small",0
"508","David Robert Mitchell",0
"509","Gary Rogers",0
"510","Hue Rhodes",0
"511","Laurie Collyer",0
"512","Chris Shadley",0
"513","Dave Payne",0
"514","Phil Morrison",0
"515","Jerry Dugan",0
"516","Jamal Hill",0
"517","Vera Farmiga",0
"518","Mitchell Altieri",0
"519","David Hunt",0
"520","Llu??s Qu??lez",0
"521","Travis Zariwny",0
"522","Pete Jones",0
"523","James Mottern",0
"524","Russell Friedenberg",0
"525","Alex Ranarivelo",0
"526","Jonathan Kesselman",0
"527","Giovanni Zelko",0
"528","Adam Jay Epstein",0
"529","Dylan Bank",0
"530","Robert Kenner",0
"531","Chris Paine",0
"532","Jos?? Luis Valenzuela",0
"533","Rohit Jagessar",0
"534","Griffin Dunne",0
"535","A. Raven Cruz",0
"536","Randall Rubin",0
"537","Robert Bennett",0
"538","Lori Petty",0
"539","Michael Burke",0
"540","Christopher Hutson",0
"541","Emily Dell",0
"542","Ryan Fleck",0
"543","H.M. Coakley",0
"544","Randy Moore",0
"545","Bill Benenson",0
"546","U. Roberto Romano",0
"547","Patrick Creadon",0
"548","Molly Bernstein",0
"549","Alex Smith",0
"550","Michael Hoffman Jr.",0
"551","Patrick Gilles",0
"552","Ray Griggs",0
"553","Eddie O'Flaherty",0
"554","John D. Hancock",0
"555","Jerome Elston Scott",0
"556","Kristin Rizzo",0
"557","Zoran Lisinac",0
"558","Tom Putnam",0
"559","Adam Rifkin",0
"560","Marianna Palka",0
"561","Rania Attieh",0
"562","Sharon Greytak",0
"563","Dena Seidel",0
"564","Sara Newens",0
"565","Lynn Shelton",0
"566","Patrick Ryan Sims",0
"567","Sut Jhally",0
"568","Brandon Trost",0
"569","William Eubank",0
"570","Patrick Meaney",0
"571","Malcolm Goodwin",0
"572","Travis Legge",0
"573","Bradley Rust Gray",0
"574","Andrew Bujalski",0
"575","Damir Catic",0
"576","Brandon Landers",0
"577","Robert Rodriguez",-0.00629170385278968
"578","Spike Lee",-0.00629182081288303
"579","Woody Allen",-0.00629283512482252
"580","Roland Emmerich",-0.0176973532360891
"581","Catherine Hardwicke",-0.0177007311650693
"582","Tim Burton",-0.0258531849972165
"583","Shawn Levy",-0.0258541614033418
"584","M. Night Shyamalan",-0.025854343380554
"585","Barry Sonnenfeld",-0.0746021306622716
"586","Colin Trevorrow",-0.0746022981786626
"587","Guillermo del Toro",-0.07460262125735
"588","Peter Sohn",-0.0746026753181791
"589","David Yates",-0.0746028188088847
"590","Rob Letterman",-0.0746028366739437
"591","Rupert Sanders",-0.0746030261955914
"592","Byron Howard",-0.0746034140404374
"593","Hoyt Yeatman",-0.074603419715724
"594","Dean Parisot",-0.0746035829077903
"595","Hironobu Sakaguchi",-0.0746036441021444
"596","David Soren",-0.0746036993883746
"597","Phillip Noyce",-0.0746037488352083
"598","Mark Steven Johnson",-0.0746038648593434
"599","Neill Blomkamp",-0.0746038702505714
"600","Dave Green",-0.0746039452779272
"601","Noam Murro",-0.0746040299399804
"602","Bo Welch",-0.0746041082794493
"603","Stefen Fangmeier",-0.0746042364901826
"604","Pitof",-0.0746042516705144
"605","Patrick Hughes",-0.074604266805604
"606","Ericson Core",-0.0746042718411866
"607","Ron Underwood",-0.0746042768718158
"608","Ash Brannon",-0.0746042919319654
"609","Sergey Bodrov",-0.0746043268845459
"610","John Moore",-0.0746043714615699
"611","Ben Stiller",-0.0746043960642711
"612","Gary Trousdale",-0.0746044107664662
"613","Paul Verhoeven",-0.0746044642877054
"614","Jan de Bont",-0.074604478789571
"615","Gary Ross",-0.0746044932500408
"616","George Miller",-0.0746044980615143
"617","Genndy Tartakovsky",-0.0746045028684621
"618","Daniel Espinosa",-0.0746045172604171
"619","Jon Amiel",-0.0746045932937613
"620","Roger Spottiswoode",-0.0746046214883027
"621","Jonathan Demme",-0.074604728026604
"622","Roger Donaldson",-0.0746047508679914
"623","Richard Donner",-0.0746047554246692
"624","Antony Hoffman",-0.0746047690675422
"625","Cody Cameron",-0.07460477360699
"626","Des McAnuff",-0.074604791719217
"627","Stephen Norrington",-0.0746047962376543
"628","David Pastor",-0.074604938466492
"629","Kyle Balda",-0.0746049472116048
"630","Clay Kaytis",-0.0746049515776931
"631","Judd Apatow",-0.0746049689957969
"632","Paul Tibbitt",-0.0746049949990904
"633","John McTiernan",-0.074605101664252
"634","Wych Kaosayananda",-0.0746051058758685
"635","Kerry Conran",-0.0746051268624494
"636","Phil Alden Robinson",-0.0746051310488177
"637","Scott Waugh",-0.0746051768059057
"638","Marco Schnabel",-0.0746053228678168
"639","Demian Lichtenstein",-0.0746053268447801
"640","Peter Billingsley",-0.0746053702875508
"641","Wes Ball",-0.0746053742119226
"642","Ryan Murphy",-0.0746053781319947
"643","David McNally",-0.0746054286919362
"644","Chris Butler",-0.074605440263571
"645","Kevin Donovan",-0.0746054441131638
"646","Graham Annable",-0.0746054632890109
"647","Rob Bowman",-0.0746054747490184
"648","Ruben Fleischer",-0.0746054785613666
"649","Stuart Baird",-0.0746054899728596
"650","Joel Coen",-0.0746054937691867
"651","Robert Lorenz",-0.074605497561559
"652","Lee Tamahori",-0.0746055164623848
"653","Scott Stewart",-0.074605520231532
"654","Akiva Goldsman",-0.0746055315150982
"655","Walter Salles",-0.0746055427651845
"656","Anthony Hemingway",-0.0746055688849662
"657","Wayne Wang",-0.0746056169250946
"658","Jimmy Hayward",-0.0746056315908446
"659","William Friedkin",-0.0746056425550853
"660","Ron Maxwell",-0.0746056534888443
"661","Steve Antin",-0.0746056571270364
"662","Jim Gillespie",-0.0746056607619176
"663","Martin Brest",-0.0746056643935104
"664","Harold Becker",-0.0746056716465857
"665","Phyllida Lloyd",-0.0746057148634613
"666","Hideo Nakata",-0.0746058207968894
"667","Peter Hewitt",-0.0746058242788151
"668","Adrian Lyne",-0.0746058623733007
"669","Stephen Gaghan",-0.074605865818526
"670","Richard Loncraine",-0.074605869260756
"671","Jon Hurwitz",-0.074605879569149
"672","Steven Quale",-0.074605882999647
"673","James Wong",-0.0746059977073916
"674","Chuck Bowman",-0.0746060010226415
"675","Iain Softley",-0.0746060043345608
"676","Penny Marshall",-0.0746060076431722
"677","Paul Bolger",-0.0746060109484978
"678","Thomas Carter",-0.074606033990704
"679","Joel Zwick",-0.0746060372697371
"680","Susan Stroman",-0.0746060698722133
"681","Billy Bob Thornton",-0.0746060731151378
"682","Danny Pang",-0.074606076354777
"683","Oliver Parker",-0.0746060795911537
"684","Lawrence Kasanoff",-0.07460608282429
"685","John Hamburg",-0.0746061210219077
"686","Mark Pellington",-0.0746061242144365
"687","Asger Leth",-0.0746061748200478
"688","Sam Taylor-Johnson",-0.0746061842197453
"689","Etan Cohen",-0.0746062122449406
"690","Pete Travis",-0.0746062184423391
"691","Peter Chelsom",-0.0746062369559762
"692","Cal Brunker",-0.0746062461712529
"693","Alejandro Agresti",-0.0746062614637875
"694","Paul Weiland",-0.0746062705997904
"695","Mathieu Kassovitz",-0.0746062736389335
"696","Joan Chen",-0.07460628273571
"697","Stephen Hopkins",-0.0746063068529088
"698","Michael Caton-Jones",-0.0746063098536244
"699","Sofia Coppola",-0.0746063188354172
"700","Stephen Kay",-0.074606321823396
"701","Danny DeVito",-0.0746063248082425
"702","Pierre Morel",-0.0746063396806641
"703","Jeff Nathanson",-0.0746063485708085
"704","Michael Lehmann",-0.0746063515286227
"705","David Mirkin",-0.0746063544835311
"706","Luis Mandoki",-0.0746063574355564
"707","Steve Miner",-0.0746063633307091
"708","Jennifer Flackett",-0.0746063984112921
"709","Christian Ditter",-0.0746064157689097
"710","John Frankenheimer",-0.0746064301540891
"711","Andrew Bergman",-0.0746064330222722
"712","Seth Gordon",-0.0746064444616337
"713","Kevin Rodney Sullivan",-0.0746064473148038
"714","Michael Tollin",-0.0746064501650266
"715","Patrick Tatopoulos",-0.0746064530123257
"716","Gary David Goldberg",-0.074606455856723
"717","Gil Junger",-0.0746064700312107
"718","Scott Mann",-0.0746064785050259
"719","Chris Carter",-0.0746064813244834
"720","Allen Hughes",-0.07460649538086
"721","Lexi Alexander",-0.0746065093736949
"722","Hugh Hudson",-0.0746065316244708
"723","Joe Charbanic",-0.0746065399245671
"724","Jonathan Hensleigh",-0.0746065426862213
"725","Danny Cannon",-0.0746065454452562
"726","Justin Zackham",-0.0746065674187606
"727","John Gatins",-0.0746065701543495
"728","Miguel Sapochnik",-0.0746065728874361
"729","Don Scardino",-0.0746065756180425
"730","Tom Reeve",-0.0746065783461938
"731","Nanette Burstein",-0.0746065810719115
"732","Scott Hicks",-0.0746065837952184
"733","John Francis Daley",-0.0746065865161388
"734","J.B. Rogers",-0.0746065892346946
"735","Michael Sucsy",-0.0746065919509092
"736","Stephen Hillenburg",-0.0746066000853479
"737","Michael McCullers",-0.0746066270364751
"738","Frederik Du Chau",-0.074606632396146
"739","Drew Goddard",-0.0746066404143148
"740","Kimberly Peirce",-0.0746066537215837
"741","Phil Joanou",-0.0746066563762115
"742","Martha Coolidge",-0.0746066669684248
"743","Troy Miller",-0.0746066722490761
"744","Alister Grierson",-0.0746066880227801
"745","Nick Hurran",-0.0746066906430604
"746","Ellory Elkayem",-0.0746067089071347
"747","Jee-woon Kim",-0.0746067244450381
"748","Nick Hamm",-0.074606727024711
"749","Andy Cadiff",-0.0746067296013229
"750","Mike Disa",-0.0746067321748954
"751","Niels Arden Oplev",-0.0746067347454519
"752","Steve Boyum",-0.0746067424372957
"753","Corey Yuen",-0.0746067449955843
"754","Andrew Dominik",-0.0746067475508586
"755","Elizabeth Banks",-0.0746067526521145
"756","Edward Norton",-0.0746067551981418
"757","Ben Falcone",-0.0746067577411323
"758","Janusz Kaminski",-0.074606775451248
"759","John Carpenter",-0.0746067779709081
"760","Todd Graff",-0.0746067980235362
"761","Christian Alvart",-0.074606800518638
"762","E. Elias Merhige",-0.074606803011114
"763","Scott Frank",-0.0746068104721878
"764","Jonathan Frakes",-0.0746068154337847
"765","Kevin Allen",-0.0746068179106705
"766","Ronny Yu",-0.0746068327080999
"767","Mark Helfrich",-0.0746068813815442
"768","Damien Dante Wayans",-0.0746068861982839
"769","Tim Fywell",-0.0746068934041279
"770","Nigel Cole",-0.0746068958014729
"771","Sylvain White",-0.0746068981964152
"772","Troy Nixey",-0.0746069005889773
"773","Philip G. Atwell",-0.0746069029791824
"774","Jeff Schaffer",-0.0746069053670532
"775","John Schlesinger",-0.074606912515882
"776","Ole Bornedal",-0.0746069148938607
"777","Marcos Siega",-0.0746069220116959
"778","Jeffrey W. Byrd",-0.0746069243796101
"779","Uwe Boll",-0.0746069267450603
"780","Bonnie Hunt",-0.0746069385328292
"781","Grant Heslov",-0.0746069408833471
"782","George Gallo",-0.0746069432314498
"783","Fred Durst",-0.074606945480679
"784","Christopher Spencer",-0.0746069572065102
"785","Daniel Sackheim",-0.074606964210877
"786","Brian Trenchard-Smith",-0.0746069665408846
"787","David Palmer",-0.0746069688683725
"788","Jim Sonzero",-0.0746069711933634
"789","Aaron Seltzer",-0.0746070011410808
"790","Robin Budd",-0.0746070034256667
"791","Steve Trenbirth",-0.0746070057073114
"792","Mennan Yapo",-0.0746070079860377
"793","John Madden",-0.0746070306019364
"794","Anthony Bell",-0.0746070417959342
"795","Henry Joost",-0.0746070440265518
"796","Shana Feste",-0.0746070507000088
"797","Frank Nissen",-0.0746070595556455
"798","Peter Hastings",-0.0746070617634724
"799","Chris Koch",-0.074607063968501
"800","Michael O. Sajbel",-0.0746070814988903
"801","Dave Borthwick",-0.0746070836778398
"802","Jonathan Glazer",-0.0746070858538816
"803","J.C. Chandor",-0.0746070880270382
"804","Mabrouk El Mechri",-0.0746070945273351
"805","Angelo Pizzo",-0.0746070988469476
"806","Matthew Diamond",-0.0746071010022833
"807","David Anspaugh",-0.0746071031546689
"808","Kevin Munroe",-0.0746071053041264
"809","Daniel Algrant",-0.0746071074506803
"810","Jane Clark",-0.0746071095943521
"811","Tom Walsh",-0.0746071117351647
"812","Scott Walker",-0.0746071138731408
"813","Rob Hawk",-0.0746071202690039
"814","Anand Tucker",-0.0746071245197089
"815","Michael Dowse",-0.0746071266408329
"816","Daniel Barnz",-0.0746071287591687
"817","Vic Armstrong",-0.0746071329872297
"818","Audrey Wells",-0.0746071393052444
"819","Jody Hill",-0.0746071455956971
"820","Brandon Camp",-0.0746071476869694
"821","Cory Edwards",-0.0746071601689557
"822","Brian A Miller",-0.0746071622393397
"823","Matt Dillon",-0.0746071643067602
"824","John Hoffman",-0.0746071663712404
"825","Chris Robinson",-0.0746071684328028
"826","Robert Harmon",-0.0746071725469289
"827","Trent Cooper",-0.074607174599538
"828","Fede Alvarez",-0.0746071766492085
"829","Todd Lincoln",-0.0746071786959632
"830","Steven Shainberg",-0.0746071807398245
"831","Joe Nussbaum",-0.0746071827808152
"832","Vadim Perelman",-0.0746071848189585
"833","Christian E. Christiansen",-0.0746071868542768
"834","Diane English",-0.074607188886794
"835","Robert Iscove",-0.074607190916532
"836","Nick Gomez",-0.0746071949674254
"837","Clare Kilner",-0.0746071969886265
"838","Lance Rivera",-0.0746071990070282
"839","Tommy Lee Jones",-0.0746072010226526
"840","Jesse Vaughan",-0.0746072030355224
"841","Wayne Beach",-0.0746072050456619
"842","Udayan Prasad",-0.0746072070530927
"843","Jim Fall",-0.0746072090578381
"844","Ric Roman Waugh",-0.0746072110599213
"845","Michael Dougherty",-0.0746072130593653
"846","Joel Gallen",-0.0746072150561926
"847","Matt Williams",-0.0746072170504262
"848","Phil Traill",-0.074607232905809
"849","Joe Berlinger",-0.0746072348761353
"850","Martin Weisz",-0.0746072446852369
"851","John Ottman",-0.0746072466397448
"852","John Bonito",-0.0746072485916891
"853","Peter Atencio",-0.0746072505410937
"854","Tom Green",-0.0746072563716113
"855","Mike Nawrocki",-0.0746072583102071
"856","Bryan Barber",-0.0746072641089336
"857","Lone Scherfig",-0.0746072660370876
"858","Drew Barrymore",-0.0746072679626838
"859","Brian Koppelman",-0.0746072698857442
"860","James Foley",-0.0746072718062933
"861","RZA",-0.0746072737243528
"862","Michael Winterbottom",-0.0746072756399465
"863","Mort Nathan",-0.0746072813711033
"864","Tina Gordon Chism",-0.0746072832770855
"865","Peter Cattaneo",-0.0746072851807172
"866","Vicky Jenson",-0.074607287082021
"867","Mary Lambert",-0.0746072889810207
"868","Katja von Garnier",-0.0746072908777396
"869","Michael Haneke",-0.0746072927721999
"870","Jake Paltrow",-0.0746072946644261
"871","Gregory Jacobs",-0.0746072965544407
"872","Peter Cousens",-0.0746072984422668
"873","Vidhu Vinod Chopra",-0.0746073003279276
"874","Patricia Riggen",-0.074607319052237
"875","Danny Leiner",-0.0746073209122558
"876","Ed Decter",-0.0746073246249692
"877","Preston A. Whitmore II",-0.0746073264777094
"878","Sam Miller",-0.0746073283280698
"879","Blair Hayes",-0.0746073412095656
"880","Atom Egoyan",-0.0746073430418712
"881","Stewart Hendler",-0.0746073466996543
"882","Tamra Davis",-0.0746073485251781
"883","Mark Romanek",-0.0746073503484878
"884","Christopher Erskin",-0.0746073594278698
"885","Dan Cutforth",-0.0746073612385136
"886","Cheryl Dunye",-0.074607368458069
"887","Wallace Wolodarsky",-0.0746073702576983
"888","Nicholas Jarecki",-0.0746073720551676
"889","Dean Israelite",-0.0746073738504996
"890","Darnell Martin",-0.0746073756437185
"891","Scott Alexander",-0.074607377434847
"892","Jon Poll",-0.0746073845738102
"893","Vincenzo Natali",-0.0746073952171086
"894","David Winters",-0.0746073969828148
"895","Dan Mazer",-0.0746073987461465
"896","Brendan Malloy",-0.0746074005071275
"897","Reginald Hudlin",-0.0746074022657806
"898","Gregory Poirier",-0.0746074040221284
"899","John Turturro",-0.0746074057761949
"900","Agnieszka Holland",-0.0746074075280029
"901","David Hackl",-0.0746074092775754
"902","Lisa Azuelos",-0.074607411024936
"903","Jaume Balaguer??",-0.0746074127701075
"904","Shintaro Shimosawa",-0.074607414513114
"905","Chuck Sheetz",-0.0746074197277102
"906","Marcus Raboy",-0.0746074214618581
"907","Bob Dolman",-0.0746074266505247
"908","Greg Coolidge",-0.0746074283761866
"909","Jamie Blanks",-0.0746074335400411
"910","Olatunde Osunsanmi",-0.0746074352575893
"911","Robert Altman",-0.0746074369731621
"912","Patricia Rozema",-0.0746074386867826
"913","Steve Oedekerk",-0.0746074403984741
"914","Robert Ben Garant",-0.0746074472201682
"915","Tuck Tucker",-0.0746074523152306
"916","Jim Hanon",-0.0746074557018117
"917","Jorma Taccone",-0.0746074573918719
"918","Jeff Lowell",-0.074607459079809
"919","Lorene Scafaria",-0.0746074607656469
"920","Marcus Dunstan",-0.0746074624494091
"921","Scott Kalvert",-0.0746074641311181
"922","Jason Bateman",-0.0746074658107978
"923","Eric Bross",-0.0746074674884713
"924","John Putch",-0.0746074775066819
"925","Tom Brady",-0.074607479170311
"926","Jason Zada",-0.0746074808320078
"927","Eric Blakeney",-0.074607485803473
"928","Ariel Vromen",-0.0746074874567987
"929","Derrick Borte",-0.0746074891080841
"930","Vincent Gallo",-0.0746074940491239
"931","Jon Stewart",-0.0746074956925044
"932","Bobcat Goldthwait",-0.0746074989731809
"933","Stuart Gordon",-0.0746075006105237
"934","Jeb Stuart",-0.0746075022459008
"935","Scott Marshall",-0.0746075038793359
"936","Jason Connery",-0.0746075055108515
"937","Andy Garcia",-0.0746075071404715
"938","Valeri Milev",-0.0746075087682194
"939","Jared Hess",-0.0746075103941182
"940","Floria Sigismondi",-0.0746075120181919
"941","James DeMonaco",-0.0746075136404635
"942","Kris Isacsson",-0.0746075152609565
"943","Ben Younger",-0.0746075168796944
"944","Glen Morgan",-0.0746075184967004
"945","Daniel Taplitz",-0.0746075201119988
"946","Marc Forby",-0.0746075217256124
"947","Emily Young",-0.0746075233375647
"948","Joby Harold",-0.0746075249478799
"949","David E. Talbert",-0.0746075265565802
"950","Vondie Curtis-Hall",-0.0746075281636909
"951","Tom Elkins",-0.0746075297692343
"952","Masayuki Ochiai",-0.0746075361746305
"953","Tom Gormican",-0.0746075377721529
"954","Jonas Elmer",-0.0746075409622701
"955","Troy Duffy",-0.0746075441456364
"956","James Ivory",-0.0746075457348049
"957","Fina Torres",-0.0746075520724781
"958","David Jacobson",-0.0746075568086168
"959","Michael Corrente",-0.074607558383662
"960","Keith Gordon",-0.074607559956913
"961","Andrew Wilson",-0.0746075615283928
"962","Robert Moresco",-0.0746075630981246
"963","Keith Parmer",-0.0746075646661326
"964","Michael Winnick",-0.0746075677967322
"965","Russell Holt",-0.0746075724788271
"966","Mike Judge",-0.0746075740363305
"967","Matt Bettinelli-Olpin",-0.0746075755921618
"968","David Mamet",-0.0746075833435602
"969","George Hickenlooper",-0.0746075879729972
"970","Bob Gosse",-0.0746075895129682
"971","Stephen Milburn Anderson",-0.0746075956539345
"972","Richard Rich",-0.0746075971848396
"973","Jackie Earle Haley",-0.0746075987139752
"974","Arie Posin",-0.0746076002413639
"975","Damian Nieman",-0.0746076017670302
"976","John R. Leonetti",-0.0746076032909965
"977","Sterling Van Wagenen",-0.074607604813288
"978","Gary Hardwick",-0.0746076063339267
"979","Fred Savage",-0.0746076078529366
"980","Matt Piedmont",-0.0746076093703413
"981","Deb Hagan",-0.0746076108861644
"982","Zach Cregger",-0.0746076124004295
"983","David Atkins",-0.0746076214489912
"984","S.R. Bindler",-0.0746076259519998
"985","Jake Goldberger",-0.0746076274500688
"986","Stefan Ruzowitzky",-0.0746076289466135
"987","Kate Barker-Froyland",-0.0746076334269474
"988","Charles Matthau",-0.0746076349176563
"989","Christopher M. Bessette",-0.0746076364069592
"990","Stewart Raffill",-0.0746076408663919
"991","Joseph Gordon-Levitt",-0.0746076423503322
"992","James Toback",-0.0746076467943377
"993","Collin Schiffli",-0.0746076482732954
"994","David F. Sandberg",-0.0746076497510608
"995","Stiles White",-0.0746076512276583
"996","Christopher Landon",-0.0746076541771059
"997","David Gelb",-0.0746076556500043
"998","Mike Flanagan",-0.0746076571217169
"999","Jesse Peretz",-0.074607660061343
"1000","Harmony Korine",-0.0746076629957243
"1001","Mickey Liddell",-0.0746076644609665
"1002","Mamoru Hosoda",-0.0746076703090601
"1003","Brian Dannelly",-0.0746076717682687
"1004","Nicholaus Goossen",-0.0746076732263283
"1005","Randall Miller",-0.0746076746832624
"1006","Dan Rush",-0.0746076761390954
"1007","Billy Kent",-0.0746076848495175
"1008","James Manera",-0.0746076862972294
"1009","Bob Saget",-0.0746076935161768
"1010","Jim Amatulli",-0.0746076949562168
"1011","Barrett Esposito",-0.0746076978323293
"1012","Stanton Barrett",-0.074607700702972
"1013","Scott Foley",-0.0746077021362599
"1014","Gabriela Tagliavini",-0.0746077035682227
"1015","Andrew Erwin",-0.0746077049988854
"1016","Todd Solondz",-0.0746077064282708
"1017","Agnieszka Wojtowicz-Vosloo",-0.0746077078564036
"1018","Peter DeLuise",-0.0746077092833063
"1019","George A. Romero",-0.0746077107090037
"1020","Henry Hobson",-0.074607712133519
"1021","Duane Journey",-0.0746077135568769
"1022","Wayne Kramer",-0.0746077192379112
"1023","Roger Avary",-0.074607720655296
"1024","Rick de Oliveira",-0.0746077220715532
"1025","Gavin Wiesen",-0.0746077263129581
"1026","Mars Callahan",-0.074607727724516
"1027","David Schwimmer",-0.0746077291349526
"1028","Jim Mickle",-0.0746077305442919
"1029","Sam Levinson",-0.0746077319525574
"1030","Edward Burns",-0.0746077333597738
"1031","Mark Griffiths",-0.0746077347659643
"1032","Kevin Carraway",-0.0746077375750263
"1033","Robert Eggers",-0.0746077389779455
"1034","Anthony C. Ferrante",-0.0746077403798221
"1035","Robert Cary",-0.0746077417806793
"1036","Amanda Gusack",-0.0746077431805424
"1037","Charles Adelman",-0.0746077445794339
"1038","Eldar Rapaport",-0.0746077501638611
"1039","Clark Gregg",-0.0746077515572668
"1040","Nathan Frankowski",-0.0746077529496197
"1041","Jennifer Finnigan",-0.0746077585086757
"1042","John Gulager",-0.074607761281583
"1043","Tod Williams",-0.0746077626663588
"1044","Nnegest Likk??",-0.0746077640500475
"1045","Michael Schultz",-0.074607765432674
"1046","Peter M. Cohen",-0.0746077695744061
"1047","David Nixon",-0.0746077723303984
"1048","Leslye Headland",-0.0746077764559148
"1049","Bobby Roth",-0.0746077778289711
"1050","Kate Connor",-0.0746077792009787
"1051","Will Canon",-0.074607780571961
"1052","Philip Zlotorynski",-0.0746077819419421
"1053","Lance Kawas",-0.0746077833109454
"1054","Francesca Gregorini",-0.0746077846789953
"1055","Michael Jai White",-0.074607788777756
"1056","Darin Scott",-0.0746077928689368
"1057","Christian Sesma",-0.0746077942310298
"1058","Brian Caunter",-0.0746077955923605
"1059","Isaac Florentine",-0.0746077969529541
"1060","Susan Seidelman",-0.0746077983128334
"1061","Hank Braxtan",-0.074607799672023
"1062","Frank Sebastiano",-0.0746078010305472
"1063","Tony Giglio",-0.0746078051011667
"1064","Tim Boxell",-0.0746078105154074
"1065","Michael D. Sellers",-0.0746078118663461
"1066","Alex Rivera",-0.0746078145648731
"1067","John Murlowski",-0.0746078159125099
"1068","Danny Perez",-0.0746078172590933
"1069","Carmen Marron",-0.0746078186046472
"1070","Jason Stone",-0.0746078199491962
"1071","Jaco Booyens",-0.0746078212927635
"1072","Hayley Cloake",-0.0746078253178645
"1073","Rita Merson",-0.0746078266577688
"1074","Larry Clark",-0.0746078279968122
"1075","Dan Perri",-0.0746078306720712
"1076","Anthony O'Brien",-0.0746078320083354
"1077","Jerry Jameson",-0.0746078386761181
"1078","Marielle Heller",-0.0746078400067084
"1079","Huck Botko",-0.0746078453194353
"1080","David Duchovny",-0.0746078466451532
"1081","Mitchell Lichtenstein",-0.0746078479699187
"1082","Danny Provenzano",-0.0746078492937552
"1083","Noah Buschel",-0.074607850616688
"1084","Aaron Hann",-0.07460785193874
"1085","Simon Yin",-0.0746078532599352
"1086","Jeff Crook",-0.0746078545802978
"1087","Brad Copeland",-0.0746078558998515
"1088","Paul Bunnell",-0.0746078572186212
"1089","Tanner Beard",-0.0746078585366299
"1090","Scott Dow",-0.0746078598539022
"1091","Derick Martini",-0.0746078611704612
"1092","Tony Krantz",-0.0746078651150934
"1093","Corey Grant",-0.0746078664282562
"1094","Lucky McKee",-0.0746078677406017
"1095","Steven R. Monroe",-0.0746078690521535
"1096","Brad J. Silverman",-0.0746078703629362
"1097","David M. Matthews",-0.074607871672973
"1098","Adam Goldberg",-0.074607872982289
"1099","Rebecca Miller",-0.0746078755985156
"1100","Maggie Carey",-0.0746078769054744
"1101","Simeon Rice",-0.0746078795168663
"1102","Jeff Garlin",-0.074607880821347
"1103","Qasim Basir",-0.0746078821250496
"1104","Adam Green",-0.0746078834279985
"1105","Bruce Campbell",-0.0746078847302168
"1106","Adam Carolla",-0.0746078860317298
"1107","Dave Rodriguez",-0.0746078899312611
"1108","Timothy Woodward Jr.",-0.0746078925263976
"1109","Tara Subkoff",-0.074607893822605
"1110","David Worth",-0.0746078951179369
"1111","Tyler Oliver",-0.0746078977057341
"1112","Deryck Broom",-0.0746078989982468
"1113","David Boyd",-0.0746079002898676
"1114","Steve Taylor",-0.0746079015806203
"1115","Kurt Voss",-0.0746079028705289
"1116","James David Pasternak",-0.0746079041596177
"1117","David Caffrey",-0.0746079067350939
"1118","Jay Alaimo",-0.0746079080215289
"1119","Rob McKittrick",-0.074607909307128
"1120","Harry Gantz",-0.0746079105919141
"1121","Matthew R. Anderson",-0.0746079118759118
"1122","Levan Gabriadze",-0.0746079131591449
"1123","Bradley Parker",-0.0746079144416377
"1124","Harold Cronk",-0.074607915723414
"1125","Craig Johnson",-0.0746079195636729
"1126","Sean Durkin",-0.0746079208420364
"1127","Gillian Robespierre",-0.0746079221195791
"1128","Greg Berlanti",-0.0746079259465069
"1129","Gia Coppola",-0.0746079297638701
"1130","Efram Potelle",-0.0746079348361995
"1131","Johnny Remo",-0.0746079373647536
"1132","Ti West",-0.074607938627071
"1133","Nick Tomnay",-0.0746079398881147
"1134","Becky Smith",-0.0746079411479069
"1135","Eric Nicholas",-0.0746079424064728
"1136","Benjamin Dickinson",-0.0746079436638352
"1137","Hal Haberman",-0.0746079449200185
"1138","Frank Whaley",-0.0746079461750459
"1139","Katherine Brooks",-0.074607947428942
"1140","David Cross",-0.0746079486817299
"1141","Mary Pat Kelly",-0.0746079499334337
"1142","Charlie Levi",-0.0746079511840771
"1143","Kevin Hamedani",-0.0746079524336846
"1144","Stefan C. Schaefer",-0.0746079561764566
"1145","Michael Taliferro",-0.0746079574221809
"1146","Katie Aselton",-0.0746079586669886
"1147","D. Stevens",-0.0746079599109035
"1148","Robert Hall",-0.0746079611539498
"1149","K. King",-0.0746079623961511
"1150","Jonathan Meyers",-0.0746079636375315
"1151","Allison Burnett",-0.0746079648781151
"1152","Kat Coiro",-0.0746079698315732
"1153","Jamie Babbit",-0.0746079723025246
"1154","Ramaa Mosley",-0.0746079735365388
"1155","Jamie Travis",-0.0746079784618469
"1156","Rich Christiano",-0.0746079796905114
"1157","Nick Love",-0.0746079809181284
"1158","Natalie Bible'",-0.0746079821447212
"1159","Catherine Jelski",-0.0746079845945927
"1160","Shane Dawson",-0.0746079858179195
"1161","Ryan Little",-0.0746079870402054
"1162","Clark Baker",-0.074607988261474
"1163","Matt Maiellaro",-0.0746079894817498
"1164","Caryn Waechter",-0.0746079919190797
"1165","Ryan Smith",-0.0746079931361821
"1166","Travis Romero",-0.0746079943522744
"1167","Anna Mastro",-0.0746079955673805
"1168","Gene Teigland",-0.0746079967815247
"1169","Richard Montoya",-0.0746079979947305
"1170","Michael Walker",-0.0746080016279457
"1171","Chris Kentis",-0.0746080028368508
"1172","Matt Walsh",-0.074608004044712
"1173","Joseph Dorman",-0.0746080100661024
"1174","Greg Harrison",-0.0746080112669895
"1175","Eric Schaeffer",-0.0746080136651456
"1176","Neema Barnette",-0.0746080148624622
"1177","Steve Buscemi",-0.0746080160586356
"1178","Jonathan Parker",-0.0746080208318547
"1179","Sol Tryon",-0.0746080220223597
"1180","Alex Craig Mann",-0.0746080232117528
"1181","Daston Kalili",-0.0746080244000574
"1182","Georgia Hilton",-0.0746080255872982
"1183","Jack Heller",-0.0746080267734987
"1184","Warren Sheppard",-0.0746080279586836
"1185","Joel Paul Reisig",-0.0746080303257609
"1186","Catherine Gund",-0.0746080315077021
"1187","Luke Dye",-0.07460803268861
"1188","Alec Asten",-0.0746080338685083
"1189","Lloyd Kaufman",-0.0746080350474208
"1190","Matthew Watts",-0.0746080362253725
"1191","Eric England",-0.0746080385781492
"1192","Sue Corcoran",-0.0746080397530226
"1193","Matt Jackson",-0.0746080420995199
"1194","Ari Kirschenbaum",-0.0746080432711923
"1195","Chad Kapper",-0.0746080456111668
"1196","Paul Fierlinger",-0.0746080467795163
"1197","Eric Mendelsohn",-0.0746080491127226
"1198","Babar Ahmed",-0.0746080502776266
"1199","Bruce Dellis",-0.0746080514414302
"1200","Jack Perez",-0.0746080526041561
"1201","Craig Zobel",-0.0746080537658298
"1202","Ken Del Conte",-0.0746080549264741
"1203","Piyush Dinker Pandya",-0.0746080560861126
"1204","Daniel Columbie",-0.0746080572447705
"1205","Drake Doremus",-0.0746080584024705
"1206","Al Franklin",-0.0746080595592366
"1207","Michael Kang",-0.0746080607150938
"1208","Lori Silverbush",-0.0746080618700652
"1209","Rachel Goldenberg",-0.0746080630241754
"1210","Jamin Winans",-0.0746080641774473
"1211","Tom Seidman",-0.0746080653299059
"1212","Jason Naumann",-0.074608066481575
"1213","Andrew Hyatt",-0.0746080687823023
"1214","Ward Roberts",-0.0746080699314095
"1215","James O'Brien",-0.0746080710797104
"1216","Jon Shear",-0.0746080722272294
"1217","David G. Evans",-0.07460807451968
"1218","Ava DuVernay",-0.0746080756646597
"1219","Sherman Alexie",-0.0746080768088415
"1220","Stevan Mena",-0.0746080790945679
"1221","Eric Valette",-0.0746080802361615
"1222","Livingston Oden",-0.0746080813769396
"1223","James Kerwin",-0.0746080847936146
"1224","C. Fraser Press",-0.0746080859305869
"1225","Ken Roht",-0.074608088201459
"1226","Deborah Anderson",-0.0746080915994318
"1227","Zal Batmanglij",-0.0746080938586819
"1228","Andrew Berends",-0.0746080949864916
"1229","Valentine",-0.0746080961131227
"1230","Nate Parker",-0.0746080972385987
"1231","Nathan Smith Jones",-0.0746080983629435
"1232","Travis Cluff",-0.0746080994861815
"1233","Larry Blamire",-0.0746081006083364
"1234","Stephen Langford",-0.074608101729432
"1235","E.L. Katz",-0.0746081028494917
"1236","Brett Piper",-0.0746081050862633
"1237","Wade Gasque",-0.0746081062030221
"1238","Daniel Schechter",-0.0746081073187288
"1239","Lena Dunham",-0.0746081084334076
"1240","Terron R. Parsons",-0.0746081095470816
"1241","Daniel Mellitz",-0.0746081106597746
"1242","Jem Cohen",-0.0746081117715109
"1243","Chad Hartigan",-0.0746081151002068
"1244","Kirk Loudon",-0.0746081162075685
"1245","Collin Joseph Neal",-0.0746081173138678
"1246","Mike Bruce",-0.0746081184191288
"1247","Eric Eason",-0.0746081195233755
"1248","Joseph Mazzella",-0.0746081206266319
"1249","Marcus Nispel",-0.0746081217289212
"1250","Daryl Wein",-0.0746081228302685
"1251","Jason Trost",-0.0746081239306973
"1252","Tadeo Garcia",-0.0746081250302312
"1253","Thomas L. Phillips",-0.0746081261288942
"1254","Shane Carruth",-0.0746081272267109
"1255","Benjamin Roberds",-0.0746081294195623
"1256","Daniel Hsia",-0.0746081305146455
"1257","Mike Newell",-0.0746279421018557
"1258","Stephen Sommers",-0.0746283472979819
"1259","Jonathan Mostow",-0.0746284353927031
"1260","Chris Miller",-0.0746285518670901
"1261","Simon Wells",-0.0746288484857563
"1262","Joe Wright",-0.0746288597131518
"1263","Louis Leterrier",-0.0746290100514156
"1264","Tim Johnson",-0.0746290705898811
"1265","Carlos Saldanha",-0.0746291379833309
"1266","John Woo",-0.0746291596944026
"1267","James L. Brooks",-0.0746292244293293
"1268","Brad Peyton",-0.0746292832346176
"1269","Will Finn",-0.0746293939649698
"1270","Brad Silberling",-0.0746295891746319
"1271","Timur Bekmambetov",-0.0746297333286421
"1272","Chris Columbus",-0.0746297869206819
"1273","Thor Freudenthal",-0.0746298014414223
"1274","Brian De Palma",-0.0746298159205579
"1275","D.J. Caruso",-0.0746300234169123
"1276","Eric Brevig",-0.0746300510098323
"1277","Breck Eisner",-0.0746300921040815
"1278","Gil Kenan",-0.0746302353612216
"1279","Ron Shelton",-0.0746302617252557
"1280","Steve Carr",-0.0746303053329677
"1281","Clark Johnson",-0.0746303312934973
"1282","Cameron Crowe",-0.0746303399124831
"1283","Paul W.S. Anderson",-0.0746303485147363
"1284","Betty Thomas",-0.0746303571004321
"1285","Joel Schumacher",-0.0746304124679859
"1286","Lawrence Kasdan",-0.0746305127960052
"1287","Michael Lembeck",-0.074630521049586
"1288","Larry Charles",-0.0746305823417139
"1289","David S. Goyer",-0.0746306106240949
"1290","Keenen Ivory Wayans",-0.0746306466548491
"1291","Josh Gordon",-0.074630662557548
"1292","Marc Lawrence",-0.0746306941434414
"1293","Christopher McQuarrie",-0.0746307371295273
"1294","Brian Robbins",-0.0746307642183048
"1295","John Pasquin",-0.0746307987526914
"1296","Harold Ramis",-0.0746308139978148
"1297","Jon Avnet",-0.0746308329649218
"1298","Robert Redford",-0.0746308405236777
"1299","Rod Lurie",-0.0746308555966415
"1300","Harald Zwart",-0.074630866861664
"1301","John Dahl",-0.0746308780935958
"1302","Kevin Bray",-0.0746309337538302
"1303","Jesse Dylan",-0.074630941117509
"1304","Akiva Schaffer",-0.0746309667805577
"1305","Karyn Kusama",-0.0746309777281453
"1306","Joe Roth",-0.0746311591749008
"1307","Andy Fickman",-0.0746311661185862
"1308","James McTeigue",-0.0746311730500961
"1309","Angela Robinson",-0.0746311799696122
"1310","Howard Deutch",-0.0746312040933957
"1311","Carl Franklin",-0.0746312178138337
"1312","Stephen Herek",-0.0746312620611036
"1313","Richard LaGravenese",-0.0746313157381137
"1314","Patrick Lussier",-0.0746313223865828
"1315","John Schultz",-0.0746313913976354
"1316","Roger Kumble",-0.0746314362580974
"1317","John Herzfeld",-0.0746314776658206
"1318","Julie Anne Robinson",-0.0746314839888065
"1319","Evan Goldberg",-0.0746314902989553
"1320","Anne Fletcher",-0.0746315091505059
"1321","David Koepp",-0.0746315864987892
"1322","Colin Strause",-0.0746316078009435
"1323","Greg Mottola",-0.0746316168816258
"1324","Joseph Kahn",-0.0746316439512077
"1325","Richard Shepard",-0.0746316737270958
"1326","Kirk Jones",-0.074631709065202
"1327","Charles Martin Smith",-0.0746317496749321
"1328","Steve Pink",-0.0746317554275802
"1329","Alexandre Aja",-0.0746318038440615
"1330","Tommy O'Haver",-0.0746318151197186
"1331","Craig Mazin",-0.0746318207414211
"1332","Les Mayfield",-0.0746318291551189
"1333","Terrence Malick",-0.0746318347515317
"1334","Ken Scott",-0.0746318486976753
"1335","Andrzej Bartkowiak",-0.074631865342331
"1336","John Luessenhop",-0.0746318928720496
"1337","Tom Vaughan",-0.0746319255784988
"1338","Jonathan Levine",-0.0746319471876843
"1339","Sam Weisman",-0.0746319899014695
"1340","Charles Stone III",-0.0746320241110532
"1341","James Gray",-0.0746321011908326
"1342","Callie Khouri",-0.0746321187913169
"1343","Sanaa Hamri",-0.0746321237955579
"1344","Jodie Foster",-0.0746321362614337
"1345","John Polson",-0.0746321951710802
"1346","Fred Wolf",-0.0746322000172381
"1347","Mario Van Peebles",-0.0746322644973958
"1348","David Bowers",-0.0746322902045741
"1349","Jon Lucas",-0.0746323271923306
"1350","Takashi Shimizu",-0.074632343147092
"1351","Steve Beck",-0.0746323521968325
"1352","Nelson McCormick",-0.0746323567024828
"1353","Andrew Fleming",-0.0746323634391603
"1354","William Brent Bell",-0.0746323679150453
"1355","Ed Harris",-0.0746323768335554
"1356","Amy Heckerling",-0.0746323967314353
"1357","Mark Rosman",-0.074632446518673
"1358","Kevin Tancharoen",-0.0746324802497203
"1359","Bart Freundlich",-0.0746324844113641
"1360","Elizabeth Allen Rosenbaum",-0.0746325672276687
"1361","Michael Mayer",-0.0746325711497362
"1362","Douglas Aarniokoski",-0.0746325906063945
"1363","David Raynr",-0.0746326078968119
"1364","Davis Guggenheim",-0.074632641904672
"1365","Mark Brown",-0.0746326604726121
"1366","Ira Sachs",-0.0746327183770715
"1367","Peter Sollett",-0.0746327534062168
"1368","Salim Akil",-0.0746327603062816
"1369","Morgan Spurlock",-0.0746327791108329
"1370","Bob Odenkirk",-0.0746328209101521
"1371","Chris Stokes",-0.074632863096219
"1372","Eli Roth",-0.074632899452639
"1373","Mitch Davis",-0.0746329103334307
"1374","Paul Schrader",-0.0746329149696171
"1375","Patrick Stettner",-0.0746329530035691
"1376","William Kaufman",-0.0746329604885337
"1377","John Sayles",-0.0746329679373929
"1378","James Cox",-0.0746329738724309
"1379","Fenton Bailey",-0.0746330105212959
"1380","Oren Peli",-0.0746330206490366
"1381","DJ Pooh",-0.0746330464022564
"1382","Karen Moncrieff",-0.0746330843270004
"1383","Patricia Cardoso",-0.0746330967947856
"1384","Craig Moss",-0.0746331160189071
"1385","Youssef Delara",-0.0746331201139563
"1386","Jon Gunn",-0.0746331525959956
"1387","Alex Kendrick",-0.0746331633009051
"1388","Kelly Reichardt",-0.0746331712903123
"1389","David DeCoteau",-0.0746332835931699
"1390","Kurt Hale",-0.0746333375457783
"1391","Joe Swanberg",-0.0746333471323561
"1392","Rob Marshall",-0.074652795046021
"1393","Martin Campbell",-0.0746531055190475
"1394","Tom Shadyac",-0.0746536501799556
"1395","Mike Mitchell",-0.0746537268018248
"1396","Jon Turteltaub",-0.0746538554933248
"1397","Gavin Hood",-0.0746540170573785
"1398","Kenneth Branagh",-0.0746540798039211
"1399","Rob Minkoff",-0.0746542209020407
"1400","Frank Coraci",-0.0746547645979077
"1401","Dominic Sena",-0.0746547957537667
"1402","Paul Weitz",-0.0746548164337247
"1403","Walt Becker",-0.0746550975545189
"1404","Gary Winick",-0.0746553357630341
"1405","John Singleton",-0.0746554595753101
"1406","Andy Tennant",-0.0746556371458775
"1407","Seth MacFarlane",-0.0746558286998633
"1408","Tim Hill",-0.0746560194154578
"1409","Chuck Russell",-0.0746560626500768
"1410","Jay Russell",-0.0746560743505001
"1411","Brian Levant",-0.0746562380710299
"1412","Sean Anders",-0.0746562529406172
"1413","Rawson Marshall Thurber",-0.0746564729130781
"1414","Jaume Collet-Serra",-0.0746566173769673
"1415","David Zucker",-0.0746566940588128
"1416","Burr Steers",-0.0746567911084929
"1417","Ken Kwapis",-0.0746568669234368
"1418","Jake Kasdan",-0.0746569712359346
"1419","Chris Rock",-0.0746571151078864
"1420","David Wain",-0.0746572327797244
"1421","Ivan Reitman",-0.0746573590678629
"1422","Jeff Wadlow",-0.0746574592458905
"1423","Bille Woodruff",-0.0746575527689973
"1424","Rob Zombie",-0.0746578970475749
"1425","Michael Tiddes",-0.0746583431846282
"1426","Eric Darnell",-0.074679321152804
"1427","Jonathan Liebesman",-0.0746794754059281
"1428","Joe Johnston",-0.0746794980482131
"1429","Paul Feig",-0.0746796048913723
"1430","Jon M. Chu",-0.0746796717747569
"1431","Tarsem Singh",-0.0746806180355098
"1432","Adam Shankman",-0.0746807162853515
"1433","Scott Derrickson",-0.0746807485806295
"1434","Steven Brill",-0.0746807806550138
"1435","Barry Levinson",-0.0746809598483034
"1436","Oliver Stone",-0.0746811109939196
"1437","Bobby Farrelly",-0.0746811574035523
"1438","Donald Petrie",-0.0746818247372192
"1439","David Gordon Green",-0.074682006665268
"1440","David R. Ellis",-0.0746820860243839
"1441","Malcolm D. Lee",-0.0746823726799664
"1442","Luke Greenfield",-0.07468250330279
"1443","Jason Friedberg",-0.0746826873537026
"1444","Miguel Arteta",-0.0746828042846062
"1445","Michael Polish",-0.0746833763658892
"1446","John Erick Dowdle",-0.0746833946245651
"1447","Jay Duplass",-0.074683512971003
"1448","Tim Story",-0.0747052718415931
"1449","Raja Gosnell",-0.0747054688065321
"1450","Jay Roach",-0.0747057349101283
"1451","Dennis Dugan",-0.0747058629237863
"1452","Peter Segal",-0.0747060302054232
"1453","Robert Luketic",-0.074706312701441
"1454","Mark Neveldine",-0.0747070132547319
"1455","Garry Marshall",-0.0747071476480118
"1456","John Whitesell",-0.0747071867051055
"1457","Wes Craven",-0.0747076247132371
"1458","Kevin Smith",-0.0747078287304377
"1459","Brett Ratner",-0.0747295418634964
"1460","Simon West",-0.0747310406176592
"1461","Mark Waters",-0.0747311759533748
"1462","Renny Harlin",-0.0747316379456805
"1463","Rob Cohen",-0.0747551518555518
"1464","Tyler Perry",-0.0747845170762598
"1465","Paul McGuigan",-0.0880878134039172
